Episode,Training_Reward,Evaluation_Reward
1,10.0,N/A
2,10.0,N/A
3,10.0,N/A
4,10.0,N/A
5,10.0,N/A
6,10.0,N/A
7,10.0,N/A
8,10.0,N/A
9,10.0,N/A
10,10.0,N/A
11,10.0,N/A
12,10.0,N/A
13,10.0,N/A
14,10.0,N/A
15,10.0,N/A
16,10.0,N/A
17,10.0,N/A
18,10.0,N/A
19,10.0,N/A
20,10.0,N/A
21,10.0,N/A
22,10.0,N/A
23,10.0,N/A
24,10.0,N/A
25,10.0,N/A
26,10.0,N/A
27,10.0,N/A
28,10.0,N/A
29,10.0,N/A
30,10.0,N/A
31,10.0,N/A
32,10.0,N/A
33,10.0,N/A
34,10.0,N/A
35,10.0,N/A
36,10.0,N/A
37,10.0,N/A
38,10.0,N/A
39,10.0,N/A
40,10.0,N/A
41,10.0,N/A
42,10.0,N/A
43,10.0,N/A
44,10.0,N/A
45,10.0,N/A
46,10.0,N/A
47,10.0,N/A
48,10.0,N/A
49,10.0,N/A
50,10.0,N/A
51,10.0,N/A
52,10.0,N/A
53,10.0,N/A
54,10.0,N/A
55,10.0,N/A
56,10.0,N/A
57,10.0,N/A
58,10.0,N/A
59,10.0,N/A
60,10.0,N/A
61,10.0,N/A
62,10.0,N/A
63,10.0,N/A
64,10.0,N/A
65,10.0,N/A
66,10.0,N/A
67,10.0,N/A
68,10.0,N/A
69,10.0,N/A
70,10.0,N/A
71,10.0,N/A
72,10.0,N/A
73,10.0,N/A
74,10.0,N/A
75,10.0,N/A
76,10.0,N/A
77,10.0,N/A
78,10.0,N/A
79,10.0,N/A
80,10.0,N/A
81,10.0,N/A
82,10.0,N/A
83,10.0,N/A
84,10.0,N/A
85,10.0,N/A
86,10.0,N/A
87,10.0,N/A
88,10.0,N/A
89,10.0,N/A
90,10.0,N/A
91,10.0,N/A
92,10.0,N/A
93,10.0,N/A
94,10.0,N/A
95,10.0,N/A
96,10.0,N/A
97,10.0,N/A
98,10.0,N/A
99,10.0,N/A
100,10.0,N/A
101,10.0,N/A
102,10.0,N/A
103,10.0,N/A
104,10.0,N/A
105,10.0,N/A
106,10.0,N/A
107,10.0,N/A
108,10.0,N/A
109,10.0,N/A
110,10.0,N/A
111,10.0,N/A
112,10.0,N/A
113,10.0,N/A
114,10.0,N/A
115,10.0,N/A
116,10.0,N/A
117,10.0,N/A
118,10.0,N/A
119,10.0,N/A
120,10.0,N/A
121,10.0,N/A
122,10.0,N/A
123,10.0,N/A
124,10.0,N/A
125,10.0,N/A
126,10.0,N/A
127,10.0,N/A
128,10.0,N/A
129,10.0,N/A
130,10.0,N/A
131,10.0,N/A
132,10.0,N/A
133,10.0,N/A
134,10.0,N/A
135,10.0,N/A
136,10.0,N/A
137,10.0,N/A
138,10.0,N/A
139,10.0,N/A
140,10.0,N/A
141,10.0,N/A
142,10.0,N/A
143,10.0,N/A
144,10.0,N/A
145,10.0,N/A
146,10.0,N/A
147,10.0,N/A
148,10.0,N/A
149,10.0,N/A
150,10.0,N/A
151,10.0,N/A
152,10.0,N/A
153,10.0,N/A
154,10.0,N/A
155,10.0,N/A
156,10.0,N/A
157,10.0,N/A
158,10.0,N/A
159,10.0,N/A
160,10.0,N/A
161,10.0,N/A
162,10.0,N/A
163,10.0,N/A
164,10.0,N/A
165,10.0,N/A
166,10.0,N/A
167,10.0,N/A
168,10.0,N/A
169,10.0,N/A
170,10.0,N/A
171,10.0,N/A
172,10.0,N/A
173,10.0,N/A
174,10.0,N/A
175,10.0,N/A
176,10.0,N/A
177,10.0,N/A
178,10.0,N/A
179,10.0,N/A
180,10.0,N/A
181,10.0,N/A
182,10.0,N/A
183,10.0,N/A
184,10.0,N/A
185,10.0,N/A
186,10.0,N/A
187,10.0,N/A
188,10.0,N/A
189,10.0,N/A
190,10.0,N/A
191,10.0,N/A
192,10.0,N/A
193,10.0,N/A
194,10.0,N/A
195,10.0,N/A
196,10.0,N/A
197,10.0,N/A
198,10.0,N/A
199,10.0,N/A
200,10.0,N/A
Avg_Training,10.00,10.00
